,max_concentration,min_concentration
atp_c,-3.912023005,-12.206072647005957
adp_c,-6.214608097994046,-14.508657740000004
amp_c,-6.214608097994046,-14.508657740000004
