,max_concentration,min_concentration
3pg_c,-3.912023005,-3.9120233927471837
3php_c,-14.508657352252817,-14.50865774
nad_c,-3.912023005,-12.206072647005957
nadh_c,-6.214608097994046,-14.508657740000004
