,max_concentration,min_concentration
cit_c,-3.912023005,-3.91202378049449
icit_c,-14.50865696450551,-14.50865774
acon_C_c,-10.955202334500761,-10.955203109995251
