,max_concentration,min_concentration
dhap_c,-3.912023005,-3.912024555989278
3php_c,-14.508656189010738,-14.50865774
13dpg_c,-9.414050410317383,-9.41405196130666
nadh_c,-6.214608097994046,-14.508657740000004
g3p_c,-6.071578705513782,-6.07158025650306
3pg_c,-4.492709234069533,-4.492710785058811
nad_c,-3.912023005,-12.206072647005957
adp_c,-6.214608097994046,-14.508657740000004
pi_c,-3.9120230049999805,-3.912024555989258
atp_c,-3.912023005,-12.206072647005957
