,max_concentration,min_concentration
dxylnt_c,-14.508657352252763,-14.50865774
2ddara_c,-3.912023005,-3.9120233927472374
