,max_concentration,min_concentration
acg5p_c,-14.508657352252783,-14.50865774
adp_c,-6.214608097994046,-14.508657740000004
atp_c,-3.912023005,-12.206072647005957
acglu_c,-3.912023005,-3.9120233927472174
